{"template_3d_joints": [[[0.0, 0.0, 0.0], [-0.024089716374874115, -0.015522332862019539, 0.025812841951847076], [-0.0479622483253479, -0.03217538446187973, 0.03584807366132736], [-0.07330338656902313, -0.04029342532157898, 0.040949005633592606], [-0.10031590610742569, -0.0615660734474659, 0.03810393810272217], [-0.08809725195169449, -0.0052003562450408936, 0.020685989409685135], [-0.11962572485208511, -0.014927266165614128, 0.02117975428700447], [-0.1269625872373581, -0.03573514521121979, 0.018774285912513733], [-0.13167080283164978, -0.058106981217861176, 0.02244481071829796], [-0.0946604534983635, -0.001478963065892458, -0.0033575408160686493], [-0.12202849984169006, -0.016239730641245842, -0.009700382128357887], [-0.127580463886261, -0.03875642269849777, -0.01168117206543684], [-0.12747779488563538, -0.06481210887432098, -0.01060137152671814], [-0.08173556625843048, -0.0039574201218783855, -0.026673194020986557], [-0.10585238039493561, -0.019681746140122414, -0.028431318700313568], [-0.11001019924879074, -0.04410918429493904, -0.027837932109832764], [-0.11121603846549988, -0.06724544614553452, -0.02306310087442398], [-0.06878697872161865, -0.00994032807648182, -0.043209340423345566], [-0.08288045227527618, -0.024568181484937668, -0.0489637590944767], [-0.08777564764022827, -0.0428570955991745, -0.048230793327093124], [-0.09175459295511246, -0.06212837994098663, -0.044959813356399536]]], "template_vertices_sub": [[[-0.019442088901996613, -0.03532824665307999, 0.030278928577899933], [-0.060948021709918976, -0.02300991676747799, 0.025452066212892532], [-0.06243394315242767, -0.019997430965304375, 0.028853945434093475], [-0.06944479793310165, -0.009127805009484291, 0.0328022763133049], [-0.06845223903656006, -0.015184076502919197, 0.029051903635263443], [-0.07592714577913284, 0.004875387530773878, 0.029842514544725418], [-0.07025402784347534, 0.014150109142065048, 0.010378251783549786], [-0.05757499858736992, 0.012172751128673553, -0.020732909440994263], [-0.0411711260676384, -0.014301639050245285, 0.0025773560628294945], [-0.0595993846654892, -0.0213406253606081, 0.03712894767522812], [-0.059330157935619354, -0.013636544346809387, 0.03471064567565918], [-0.0037688687443733215, -0.022981179878115654, -0.006665035150945187], [0.008112497627735138, -0.01693808287382126, -0.004315975122153759], [0.006615057587623596, -0.014735450968146324, 0.019912265241146088], [0.0017779991030693054, -0.010684322565793991, 0.03288079425692558], [-0.007010422646999359, -0.020711202174425125, 0.03647063300013542], [0.00122765451669693, -0.01972976326942444, -0.02046096697449684], [-0.11051683872938156, -0.024493979290127754, 0.020304236561059952], [-0.11161099374294281, -0.02370896004140377, 0.026059940457344055], [0.008582137525081635, 0.008122468367218971, -0.028777439147233963], [0.010172255337238312, -0.0011022002436220646, -0.027763452380895615], [-0.006863303482532501, -0.0003547975793480873, -0.0318155474960804], [-0.008680954575538635, 0.010077390819787979, -0.027860097587108612], [-0.11881548166275024, -0.01754223369061947, 0.03058340772986412], [-0.12198742479085922, -0.013857400044798851, 0.028130870312452316], [-0.05946911498904228, -0.017268843948841095, 0.01619226112961769], [-0.08204874396324158, -0.01569538563489914, 0.021543513983488083], [-0.08642648905515671, -0.012902544811367989, -0.01455940306186676], [-0.056791163980960846, 0.0035330005921423435, -0.041107892990112305], [0.005705095827579498, 0.016781728714704514, -0.02451283484697342], [0.0015789195895195007, 0.0017200871370732784, 0.03444061055779457], [-0.02961406111717224, -0.02307010255753994, -0.02068035677075386], [-0.05068426951766014, -0.019322097301483154, -0.040166355669498444], [-0.047188859432935715, -0.01261303573846817, 0.04393221437931061], [0.003611341118812561, -0.010937795042991638, -0.026746809482574463], [-0.002993836998939514, -0.020579878240823746, 0.001540937926620245], [-0.014732733368873596, -0.028282267972826958, 0.01548777986317873], [-0.0362003818154335, -0.031303346157073975, 0.015841670334339142], [-0.054425325244665146, -0.04269915819168091, 0.03176778927445412], [-0.09506342560052872, -0.010893969796597958, 0.011481001041829586], [-0.06907680630683899, -0.014614854007959366, -0.015048619359731674], [-0.08764133602380753, -0.01388868410140276, 0.01030499767512083], [-0.02727402001619339, -0.012648781761527061, -0.04082257300615311], [-0.03753440082073212, -0.015496522188186646, -0.007153431884944439], [-0.07353351265192032, 0.001759383361786604, -0.03211496025323868], [-0.0739675909280777, -0.006311844103038311, -0.034383624792099], [-0.07955309748649597, -0.008212383836507797, -0.03327678143978119], [-0.1118222326040268, -0.023001378402113914, 0.014342502690851688], [-0.09309812635183334, -0.01582528091967106, 0.025838803499937057], [-0.09505730867385864, -0.011714102700352669, 0.030433885753154755], [-0.0931849479675293, 0.004849238786846399, 0.013208999298512936], [-0.0911099836230278, 0.004577228333801031, 0.006910690106451511], [-0.1114993542432785, -0.01857905089855194, 0.03031417354941368], [-0.001726396381855011, 0.020572485402226448, 0.020565573126077652], [-0.009837068617343903, 0.022597305476665497, 0.009329092688858509], [-0.07397523522377014, -0.017616067081689835, -0.03311667963862419], [-0.05895962566137314, -0.010423148050904274, -0.04841534420847893], [-0.006726264953613281, 0.023089034482836723, -0.005749378819018602], [0.0024907588958740234, 0.02335471846163273, -0.013703263364732265], [-0.1198730394244194, -0.008015340194106102, 0.022063076496124268], [-0.12439291179180145, -0.012184059247374535, 0.01548702735453844], [-0.12536479532718658, -0.030795074999332428, 0.010870891623198986], [-0.11976958066225052, -0.015485323965549469, 0.010994327254593372], [-0.05023602396249771, 0.0027566668577492237, 0.03684592247009277], [-0.0015665069222450256, 0.013020290061831474, 0.030122164636850357], [-0.03368325158953667, -0.012362075969576836, 0.04571530967950821], [-0.04567740857601166, -0.03547617048025131, 0.020141877233982086], [-0.017828479409217834, -0.022572524845600128, -0.027919303625822067], [-0.08929237723350525, -0.008360081352293491, -0.013950319029390812], [-0.04356003552675247, -0.04175889492034912, 0.03574457764625549], [-0.05203194171190262, -0.033688485622406006, 0.04771031439304352], [-0.05020417645573616, -0.039854586124420166, 0.04433488845825195], [-0.016546450555324554, -0.020997393876314163, -0.0035227250773459673], [-0.09186189621686935, -0.003427400253713131, 0.03121059387922287], [-0.09500588476657867, -0.007470972836017609, 0.006933743134140968], [-0.09644030779600143, -0.004643573891371489, 0.010541954077780247], [-0.06131858751177788, -0.031189633533358574, 0.027441810816526413], [-0.0724523663520813, -0.01383865438401699, -0.0022525470703840256], [-0.09099336713552475, 0.005317623261362314, -0.011711402796208858], [-0.09124426543712616, 0.010151006281375885, -0.0039041000418365], [-0.09420980513095856, 0.006334167439490557, 0.021819554269313812], [-0.08549278229475021, 0.004511693026870489, -0.01657871901988983], [-0.0922335535287857, -0.0019339341670274734, -0.01465305034071207], [-0.06903103739023209, -0.0017254683189094067, -0.03784556686878204], [-0.07896288484334946, 0.007118494715541601, -0.026398103684186935], [-0.1222604364156723, -0.035896044224500656, 0.026517074555158615], [-0.13468050956726074, -0.040931686758995056, 0.014933877624571323], [-0.13247933983802795, -0.0427931547164917, 0.025744237005710602], [-0.13102029263973236, -0.054228127002716064, 0.02508266642689705], [-0.13512150943279266, -0.03945038467645645, 0.02086925506591797], [-0.13167080283164978, -0.058106981217861176, 0.02244481071829796], [-0.1339598298072815, -0.05761846899986267, 0.021363329142332077], [-0.13281862437725067, -0.05999218672513962, 0.01779259741306305], [-0.1278861165046692, -0.05429358035326004, 0.02420087531208992], [-0.1246914267539978, -0.0564010888338089, 0.01839718222618103], [-0.13310536742210388, -0.058086737990379333, 